text	category
‡≤í‡≤Ç‡≤¶‡≥Å ‡≤¶‡≥á‡≤∂‡≤¶ ‡≤Æ‡≥Å‡≤Ç‡≤¶‡≥Å‡≤µ‡≤∞‡≤ø‡≤Ø‡≥Å‡≤µ‡≥Å‡≤¶‡≥Å ‡≤Ö‡≤¶‡≤∞ ‡≤Ü‡≤∞‡≥ç‡≤•‡≤ø‡≤ï ‡≤∏‡≥ç‡≤•‡≤ø‡≤§‡≤ø‡≤Ø‡≤®‡≥ç‡≤®‡≥Å ‡≤Ö‡≤µ‡≤≤‡≤Ç‡≤¨‡≤ø‡≤∏‡≥Å‡≤µ‡≥Å‡≤¶‡≤ø‡≤≤‡≥ç‡≤≤. ‡≤Ö‡≤µ‡≤∞‡≥Å ‡≤Æ‡≤æ‡≤®‡≤µ‡≥Ä‡≤Ø‡≤§‡≥Ü‡≤Ø‡≤≤‡≥ç‡≤≤‡≤ø ‡≤é‡≤∑‡≥ç‡≤ü‡≥Å ‡≤∏‡≤Æ‡≤∞‡≥ç‡≤•‡≤∞‡≥Å ‡≤é‡≤®‡≥ç‡≤®‡≥Å‡≤µ‡≥Å‡≤¶‡≤®‡≥ç‡≤®‡≥Å ‡≤Ö‡≤µ‡≤≤‡≤Ç‡≤¨‡≤ø‡≤∏‡≤ø‡≤¶‡≥Ü. ‡≤≠‡≤æ‡≤∞‡≤§‡≤¶‡≤≤‡≥ç‡≤≤‡≤ø ‡≤Ö‡≤®‡≤ï‡≥ç‡≤∑‡≤∞‡≤§‡≥Ü ‡≤á‡≤¶‡≥Ü ‡≤Ü ‡≤Ö‡≤®‡≤ï‡≥ç‡≤∑‡≤∞‡≤∏‡≥ç‡≤•‡≤∞‡≤®‡≥ç‡≤®‡≥Å ‡≤Ö‡≤µ‡≤∞ ‡≤Ö‡≤®‡≤ï‡≥ç‡≤∑‡≤∞‡≤§‡≥Ü‡≤Ø‡≥á	Negative
‡≤ï‡≤®‡≥ç‡≤®‡≤°‡≤¶‡≤≤‡≥ç‡≤≤‡≤ø ‡≤°‡≥à‡≤≤‡≤ø ‡≤ü‡≥Ü‡≤ï‡≥ç ‡≤Ö‡≤™‡≥ç‡≤°‡≥á‡≤ü‡≥ç‡≤∏‡≥ç ‡≤™‡≤°‡≥Ü‡≤Ø‡≤≤‡≥Å ‡≤∏‡≤¨‡≥ç‡≤∏‡≥ç‡≤ï‡≥ç‡≤∞‡≥à‡≤¨‡≥ç ‡≤Æ‡≤æ‡≤°‡≤ø ‡≤®‡≤Æ‡≥ç‡≤Æ ‡≤ö‡≤®‡≥ç‡≤®‡≥Ü‡≤≤‡≥ç‡≤ó‡≥Ü	Positive
Super sar song	not-Kannada
Tiktokers present situation... n‡≤®‡≥ã‡≤°‡≥Å‡≤µ‡≤µ‡≤∞‡≥Å ‡≤Ø‡≤æ‡≤∞‡≥Å ‡≤®‡≤Æ‡≥ç‡≤Æ ‡≤µ‡≥Ä‡≤°‡≤ø‡≤Ø‡≥ã‡≤®‡≥Ç	Negative
Super ‡≤∏‡≤æ‡≤Ç‡≤ó‡≥ç ‡≤µ‡≥Ü‡≤∞‡≤ø ‡≤®‡≥à‡≤∏‡≥ç....	Positive
Varshakke 3 thagadu movie madi industry haal mado hero galu ondh kade adrenn3 Varsha kasta pattu ondhu olle film mado namma Rakshith Shetty haagu Yash innondh kade n	Negative
Tickets amount 10000 adru mosa illa ... Love you  all	Positive
Super super super film I can't explain	Positive
@Wild Rex ‡≤ï‡≤ü‡≥ç‡≤ü‡≤¨‡≥á‡≤ï‡≥Å bron‡≤ñ‡≤Ç‡≤°‡≤ø‡≤§‡≤æ ‡≤ï‡≤ü‡≥ç‡≤ü‡≥Å‡≤§‡≥ç‡≤§‡≥Ü  bro	Mixed feelings
shankaragouda desaigoudra super	Positive
@Vinay Vn  nani gentle men??	unknown state
Nayanappa's book ??	unknown state
Who is here after 300k likes	Mixed feelings
Sir ‡≤®‡≤ø‡≤Æ‡≥ç‡≤Æ ‡≤Æ‡≤æ‡≤§‡≥Å 100 ‡≤ï‡≥ç‡≤ï‡≥Ü ‡≥ß‡≥¶‡≥¶% ‡≤∏‡≤§‡≥ç‡≤Ø..	Positive
Very nice togari tippa story	Positive
Superb songn‡≤¶‡≥Ä‡≤™‡≤£‡≥ç‡≤£‡≤® ‡≤Ö‡≤≠‡≤ø‡≤Æ‡≤æ‡≤®‡≤ó‡≤≥ ‡≤ï‡≤°‡≥Ü‡≤Ø‡≤ø‡≤Ç‡≤¶ ‡≤∞‡≤ï‡≥ç‡≤∑‡≤ø‡≤§ ‡≤∂‡≥Ü‡≤ü‡≥ç‡≤ü‡≤ø‡≤Ø‡≤µ‡≤∞‡≤ø‡≤ó‡≥Ü ‡≤∂‡≥Å‡≤≠‡≤µ‡≤æ‡≤ó‡≤≤‡≤ø....	Positive
Erbahudu please support maadi ea rakshit sitting sir genRashmikage hotte uribeku nodi	Negative
Promotion chennagi nadtilla	Negative
Dislike madiroeu pakka Hollywood heroine fans	Negative
Tq bro for saport Trollers iam troller n‡≤ú‡≥à ‡≤π‡≤ø‡≤Ç‡≤¶‡≥ç	Positive
Adi and dia	Positive
Bro a game yavdu	Mixed feelings
Finally  movie nodaytu..... Adbhuta atyadbhuta......... Nodo prati kshananu taleli budhi odtane eirute...... Amazing	Positive
Different star rakshit sir	not-Kannada
Bro superb keep doing	not-Kannada
‡≤∞‡≥Ä ‡≤®‡≤ø‡≤Æ‡≥ç‡≤Æ ‡≤§‡≤Ç‡≤¶‡≥Ü‡≤Ø‡≤®‡≥ç‡≤®‡≥Å ‡≤®‡≥Ü‡≤®‡≥Ü‡≤¶‡≥Å ‡≤®‡≥Ä‡≤µ‡≥Å ‡≤Æ‡≥ä‡≤∏‡≤≥‡≥Ü ‡≤ï‡≤£‡≥ç‡≤£‡≥Ä‡≤∞‡≥Å ‡≤π‡≤æ‡≤ï‡≥Å‡≤§‡≥ç‡≤§‡≥Ä‡≤∞‡≤æ	Negative
‡≤á‡≤¶‡≥á ‡≤•‡≤∞ ‡≤ï‡≤®‡≥ç‡≤®‡≤° ‡≤ö‡≤≤‡≤®‡≤ö‡≤ø‡≤§‡≥ç‡≤∞‡≤ó‡≤≥‡≤®‡≥ç‡≤®‡≥Å ‡≤ï‡≥ä‡≤°‡≥ç‡≤§‡≤æ‡≤∞‡≥Ü ‡≤∞‡≤ï‡≥ç‡≤∑‡≤ø‡≤§‡≥ç ‡≤∂‡≥Ü‡≤ü‡≥ç‡≤ü‡≤ø‡≤Ø‡≤µ‡≤∞ ‡≤ß‡≤®‡≥ç‡≤Ø‡≤µ‡≤æ‡≤¶‡≤ó‡≤≥‡≥Å	Positive
Super song buddy	Positive
Daily hakri........ nim video super agirutte	Positive
Wat dat means bro	unknown state
hi good day next	not-Kannada
Super   music	not-Kannada
Eega ellakade ursthayirodu kannadigare	Negative
Yes boss e film maatea 7 sala alla 10 sala nodidru bore aagalla	Positive
‡≤è‡≤®‡≥Å ‡≤Æ‡≤æ‡≤°‡≥ã‡≤¶‡≥Å ‡≤∏‡≤∞‡≥ç ‡≤¶‡≥á‡≤∂ ‡≤â‡≤¶‡≥ç‡≤¶‡≤æ‡≤∞ ‡≤Æ‡≤æ‡≤°‡≥Å‡≤µ‡≤∑‡≥ç‡≤ü‡≥Å ‡≤¶‡≥Å‡≤°‡≥ç‡≤°‡≤®‡≥ç‡≤®‡≥Å ‡≤®‡≤ï‡≤≤‡≤ø ‡≤ó‡≤æ‡≤Ç‡≤ß‡≤ø‡≤ó‡≤≥‡≥Å ‡≤≤‡≥Ç‡≤ü‡≤ø ‡≤Æ‡≤æ‡≤°‡≤ø‡≤¶‡≥ç‡≤¶‡≤æ‡≤∞‡≥Ü ‡≤Ö‡≤¶‡≥Å ‡≤Ö‡≤≤‡≥ç‡≤¶‡≥á ‡≤í‡≤¨‡≥ç‡≤¨ ‡≤µ‡≤ø‡≤¶‡≥á‡≤∂‡≤ø ‡≤Æ‡≤π‡≤ø‡≤≥‡≥Ü ‡≤ï‡≥à‡≤Ø‡≤≤‡≥ç‡≤≤‡≤ø ‡≤¶‡≥á‡≤∂ ‡≤∏‡≤ø‡≤ï‡≥ç‡≤ï‡≥Å ‡≤¨‡≤∞‡≤¨‡≤æ‡≤∞‡≤¶ ‡≤™‡≤∞‡≤∏‡≥ç‡≤•‡≤ø‡≤§‡≤ø‡≤Ø‡≤≤‡≥ç‡≤≤‡≤ø ‡≤¨‡≤Ç‡≤¶‡≥Å‡≤¨‡≤ø‡≤ü‡≥ç‡≤ü‡≤ø‡≤¶‡≥Ü ‡≤Ö‡≤µ‡≤≥ ‡≤¨‡≥ç‡≤Ø‡≤æ‡≤Ç‡≤ï‡≥ç ‡≤¨‡≥ç‡≤Ø‡≤æ‡≤≤‡≥Ü‡≤®‡≥ç‡≤∏‡≥ç 3 ‡≤¨‡≤ø‡≤≤‡≤ø‡≤Ø‡≤®‡≥ç ‡≤á‡≤¶‡≥Ü ‡≤Ø‡≤æ‡≤∞‡≤™‡≥ç‡≤™‡≤® ‡≤Æ‡≤®‡≥Ü ‡≤¶‡≥Å‡≤°‡≥ç‡≤°‡≥Å ‡≤Ö‡≤¶‡≥Å ‡≤∏‡≥ç‡≤µ‡≤≤‡≥ç‡≤™ ‡≤Ö‡≤¶‡≤∞ ‡≤¨‡≤ó‡≥ç‡≤ó‡≥Ü ‡≤í‡≤Ç‡≤¶‡≥Å ‡≤µ‡≤ø‡≤°‡≤ø‡≤Ø‡≥ã ‡≤Æ‡≤æ‡≤°‡≤ø ‡≤≤‡≥Ç‡≤ü‡≤ø‡≤ï‡≥ã‡≤∞‡≤∞ ‡≤®‡≤ï‡≤≤‡≤ø ‡≤ó‡≤æ‡≤Ç‡≤ß‡≤ø‡≤ó‡≤≥ ‡≤¨‡≤ó‡≥ç‡≤ó‡≥Ü	Negative
Game yavadu bro adu	Mixed feelings
‡≤Ö‡≤¶‡≥ç‡≤≠‡≥Å‡≤§‡≤µ‡≤æ‡≤¶ ‡≤∏‡≤ø‡≤®‡≤ø‡≤Æ‡≤æ. ‡≤®‡≤æ‡≤®‡≥Å ‡≤á‡≤§‡≥ç‡≤§‡≥Ä‡≤ö‡≥Ü‡≤ó‡≥Ü ‡≤®‡≥ã‡≤°‡≤ø‡≤¶ ‡≤é‡≤≤‡≥ç‡≤≤ ‡≤ï‡≤®‡≥ç‡≤®‡≤° ‡≤∏‡≤ø‡≤®‡≤ø‡≤Æ‡≤æ‡≤ó‡≤≥‡≤ø‡≤ó‡≤ø‡≤Ç‡≤§ ‡≤á‡≤¶‡≥Å ‡≤í‡≤Ç‡≤¶‡≥Å ‡≤§‡≥Ç‡≤ï ‡≤ú‡≤æ‡≤∏‡≥ç‡≤§‡≤ø. ‡≤≠‡≤æ‡≤µ‡≤®‡≥Ü‡≤ó‡≤≥ ‡≤≠‡≤Ç‡≤°‡≤æ‡≤∞‡≤µ‡≤®‡≥ç‡≤®‡≥Å ‡≤§‡≥Å‡≤Ç‡≤¨‡≤ø ‡≤ï‡≥ä‡≤°‡≥Å‡≤µ ‡≤á‡≤Ç‡≤§‡≤π ‡≤ö‡≤ø‡≤§‡≥ç‡≤∞‡≤ó‡≤≥‡≥Å ‡≤π‡≤ø‡≤ü‡≥ç ‡≤Ü‡≤ó‡≤¶‡≤ø‡≤∞‡≥Å‡≤µ‡≥Å‡≤¶‡≥Å ‡≤ï‡≤®‡≥ç‡≤®‡≤° ‡≤ö‡≤ø‡≤§‡≥ç‡≤∞‡≤∞‡≤Ç‡≤ó‡≤¶ ‡≤µ‡≤ø‡≤™‡≤∞‡≥ç‡≤Ø‡≤æ‡≤∏. ‡≤®‡≤ø‡≤∞‡≥ç‡≤¶‡≥á‡≤∂‡≤ï‡≤∞ ‡≤ï‡≤≤‡≤æ‡≤§‡≥ç‡≤Æ‡≤ï‡≤§‡≥Ü ‡≤π‡≤æ‡≤ó‡≥Ç ‡≤∏‡≥É‡≤ú‡≤®‡≤∂‡≥Ä‡≤≤‡≤§‡≥Ü‡≤Ø‡≤®‡≥ç‡≤®‡≥Å ‡≤π‡≥ä‡≤ó‡≤≥‡≤≤‡≥Å ‡≤™‡≤¶‡≤ó‡≤≥‡≥á ‡≤∏‡≤æ‡≤≤‡≤µ‡≥Å.. ‡≤á‡≤Ç‡≤§ ‡≤∏‡≤¶‡≤≠‡≤ø‡≤∞‡≥Å‡≤ö‡≤ø‡≤Ø ‡≤ö‡≤ø‡≤§‡≥ç‡≤∞‡≤ó‡≤≥‡≥á ‡≤ï‡≤®‡≥ç‡≤®‡≤° ‡≤ö‡≤ø‡≤§‡≥ç‡≤∞‡≤∞‡≤Ç‡≤ó‡≤¶ ‡≤ú‡≥Ä‡≤µ‡≤æ‡≤≥. ‡≤ï‡≤•‡≥Ü	Negative
@Ajay Joshi Bhai kannada language me dekh mujhe konsi Kannada aati prr samaj aa gyii	not-Kannada
Ajanesh lokanath	unknown state
Bere singer ge ee song kettidre innu cholo keltittu	Negative
Lo gube don't compare anyone yellaru namma kannada super star	Negative
38 M	not-Kannada
Yakebdre krishnana shapa aduke	Mixed feelings
‡≤¨‡≥á‡≤° ‡≤®‡≥Ä‡≤µ‡≥Å ‡≤í‡≤≥‡≥ç‡≤≥‡≥Ü‡≤Ø ‡≤Æ‡≤®‡≥Å‡≤∑‡≥ç‡≤Ø	Positive
Movie is promising	not-Kannada
Super song	not-Kannada
‡≤∂‡≥Ü‡≤ü‡≥ç‡≤∞‡≥á ‡≤∏‡≤ø‡≤ó‡≥ç‡≤®‡≥á‡≤ö‡≤∞‡≥ç ‡≤∏‡≥ç‡≤ü‡≥Ü‡≤™‡≥ç .....‡≤Æ‡≥ç‡≤Ø‡≤æ‡≤ú‡≤ø‡≤ï‡≤≤‡≥ç ‡≤ï‡≤Ç‡≤™‡≥ã‡≤∏‡≥ç ‡≤Æ‡≤§‡≥ç‡≤§‡≥ä‡≤Æ‡≥ç‡≤Æ‡≥Ü ...‡≤Ö‡≤ú‡≤®‡≥Ä‡≤∂‡≥ç ‡≤≤‡≥ã‡≤ï‡≤®‡≤æ‡≤•‡≥ç............ ‡≤Æ‡≤æ‡≤∏‡≥ç ‡≤é‡≤≤‡≤ø‡≤Æ‡≥Ü‡≤Ç‡≤ü‡≤ø‡≤®‡≤æ ‡≤à ‡≤π‡≤æ‡≤°‡≥Å ‡≤¨‡≤π‡≤≥ ‡≤§‡≥Å‡≤Ç‡≤¨‡≤æ ‡≤¶‡≤ø‡≤®‡≤¶ ‡≤Æ‡≥á‡≤≤‡≥á ‡≤Æ‡≤§‡≥ç‡≤§‡≥Ü ‡≤Æ‡≤§‡≥ç‡≤§‡≥Ü ‡≤π‡≤æ‡≤ï‡≤ø ‡≤ï‡≥á‡≤≥‡≤ø‡≤¶‡≥Ü........... ‡≤π‡≤æ‡≤°‡≤ø‡≤®‡≤≤‡≥ç‡≤≤‡≤ø‡≤∞‡≥Å‡≤µ ‡≤∏‡≤æ‡≤π‡≤ø‡≤§‡≥ç‡≤Ø‡≤¶‡≤Ç‡≤§‡≥Ü ‡≤Ö‡≤µ‡≤®‡≥Ü ‡≤∂‡≥ç‡≤∞‡≥Ä‡≤Æ‡≤®‡≥ç‡≤®‡≤æ‡≤∞‡≤Ø‡≤£ ‡≤ö‡≤∞‡≤ø‡≤§‡≥ç‡≤∞‡≥Ü ‡≤∏‡≥É‡≤∑‡≥ç‡≤ü‡≤ø‡≤∏‡≥Å‡≤µ ‡≤Ö‡≤µ‡≤§‡≤æ‡≤∞‡≤µ‡≤æ‡≤ó‡≤≤‡≤ø	Positive
Super music avane srimannarayana movie super it movie anoru like me	Positive
@Wild Rex ‡§ï‡§¨ ‡§§‡§ï ‡§π‡•ã ‡§∏‡§ï‡§§‡•Ä ‡§π‡•à ‡§∞‡§ø‡§≤‡•Ä‡§ú‡§º	not-Kannada
Super danger #1	Mixed feelings
‡≤®‡≤ø‡≤ú‡≤µ‡≤æ‡≤ó‡≤ø‡≤Ø‡≥Ç ‡≤á‡≤¶‡≥Å ‡≤ö‡≤∞‡≤ø‡≤§‡≥ç‡≤∞‡≥Ü ‡≤∏‡≥É‡≤∑‡≥ç‡≤ü‡≤ø‡≤∏‡≥ã ‡≤Ö‡≤µ‡≤§‡≤æ‡≤∞.. ‡≤π‡≥ç‡≤Ø‡≤æ‡≤ü‡≥ç‡≤∏‡≥ç ‡≤Ü‡≤´‡≥ç ‡≤®‡≤æ‡≤∞‡≤æ‡≤Ø‡≤£	Positive
Avane srimannarayana super songs hands up	not-Kannada
All d best from appu fans	Positive
Neev super marree...	unknown state
Kodona bro adukkenu	Mixed feelings
Kshamisi sir nanu tumba miss madkonde	Positive
Tiktok mado gaandu s.. maklu	Negative
Togari. Tippa. Super	Positive
Olle kelsa Alva mem	Positive
Nija guru ..... Aa takattu nam industry Alli yargu Ella....	Positive
@VARAPRASAD K K super bro	not-Kannada
SupernTelugu lo kuda	Positive
Rakshit shetty sir ge jai	Positive
different but unique & epic song	not-Kannada
Even I had Same feelings..!	not-Kannada
First time movie nodoru taleli uoohe screenply ittukondu nodbedi freedomagi nodi movie superagide kanndada hosatana adduriyagi kanutte guru movi superrrrrr	Positive
Super................ Song	not-Kannada
Good job..  Goahead mahn	not-Kannada
En song guruve I love this song K G F bitre ede super movie guru.......super	Positive
Nimage aa devaru olledu madali Appaji...nNimma matugalu keli nange 100% Dairya bantu appaji thank you for your inspiration	Positive
U missed birbal	not-Kannada
Hudgirge estu huchu edso song adre.   Enaa hudugara kathe henge.	Mixed feelings
‡≤Æ‡≤®‡≥Ü‡≤Ø‡≤ø‡≤Ç‡≤¶‡≤≤‡≥á ‡≤∏‡≤Ç‡≤™‡≤æ‡≤¶‡≤ø‡≤∏‡≤¨‡≥á‡≤ï‡≥á? With income proof. WhatsApp 6362806874	unknown state
Superb new avatar	not-Kannada
Nija nivu mahabaratha nodilva	Mixed feelings
GAVISH SANGATI ƒáqqqq1	not-Kannada
Na gentleman tiktok banu  super guru	Positive
jai sri ram	unknown state
Hi Chi ugh	unknown state
nivu helidu sari nanu follow madthiniü§ó	Positive
Sir.. 5paisa.com adara bagge video madi... Open madodhu hege and close madodhu hege antha... Plz sir	Positive
Entha song na dislike madtiralla loafer nan makkala thu nim janumakke	Negative
Pubg kooda ban agbeku guru..	unknown state
@Manju Sonu  ‡≤Ö‡≤≠‡≤ø‡≤®‡≤Ç‡≤¶‡≤®‡≥Ü	unknown state
That making was osm #ASN ü§©ü§©ü§©	Positive
‡≤à ‡≤π‡≤æ‡≤°‡≥Å ‡≤∞‡≤∂‡≥ç‡≤Æ‡≤ø‡≤ï ‡≤Æ‡≤Ç‡≤ó‡≤£‡≥ç‡≤£‡≤®‡≤µ‡≤∞‡≤ø‡≤ó‡≥Ü ‡≤Ö‡≤∞‡≥ç‡≤™‡≤£‡≥Ü ü§ó	Negative
Super guru awesome video	Positive
@Nandi Parthasarathi ‡≤ì‡≤π‡≥ã ‡≤®‡≤Ç‡≤¶‡≤ø‡≤®‡≤ø ‡≤®‡≤ø‡≤Ç‡≤¶‡≥Å ‡≤Æ‡≤ø‡≤≤‡≥ç‡≤ï‡≥ç ‡≤™‡≤æ‡≤∞‡≥ç‡≤≤‡≤∞‡≥ç ‡≤¨‡≥á‡≤∞‡≥Ü ‡≤á‡≤¶‡≤ø‡≤Ø‡≤æ	Negative
@prithvi nayak Roberrt bangada goth aagutte	Negative
One like for hands up	not-Kannada
‡≤®‡≥Ä‡≤µ‡≥Å ‡≤π‡≤≥‡≥ç‡≤≥‡≤ø‡≤Ø ‚Äå‡≤≠‡≤æ‡≤∑‡≥Ü‡≤Ø ‡≤∂‡≥à‡≤≤‡≤ø‡≤Ø‡≤≤‡≥ç‡≤≤‡≤ø ‡≤∞‡≥ä‡≤∑‡≥ç‡≤ü‡≥ç ‡≤Æ‡≤æ‡≤°‡≥Å‡≤µ‡≥Å‡≤¶‡≥á.. ‡≤®‡≤Æ‡≤ó‡≥Ü ‡≤Ö‡≤§‡≥ç‡≤Ø‡≥Å‡≤§‡≥ç‡≤§‡≤Æ ‡≤Æ‡≤®‡≤∞‡≤Ç‡≤ú‡≤®‡≥Ü	Positive
‡≤è‡≤≥‡≤®‡≥á ‡≤¶‡≤ø‡≤® ‡≤ï‡≥á‡≤≥‡≥ç‡≤§‡≤æ ‡≤á‡≤¶‡≥ç‡≤¶‡≥á‡≤®‡≥Ü	Positive
‡≤Ö‡≤∂‡≥ç‡≤µ‡≤•‡≥ç‡≤•‡≤æ‡≤Æ ‡≤ö‡≤ø‡≤∞‡≤Ç‡≤ú‡≥Ä‡≤µ‡≤ø ‡≤Ü‡≤ó‡≤ø‡≤¶‡≥ç‡≤¶‡≥Å ‡≤π‡≥á‡≤ó‡≥Ü	Mixed feelings
‡≤§‡≥ä‡≤ó‡≤∞‡≤ø ‡≤Ö‡≤≠‡≤ø‡≤µ‡≥É‡≤¶‡≥ç‡≤ß‡≤ø ‡≤®‡≤ø‡≤ó‡≤Æ‡≤¶ ‡≤µ‡≥ç‡≤Ø‡≤µ‡≤∏‡≥ç‡≤•‡≤æ‡≤™‡≤ï ‡≤®‡≤ø‡≤∞‡≥ç‡≤¶‡≥á‡≤∂‡≤ï‡≤∞‡≤ø‡≤ó‡≥Ü	Positive
Houdu ashvatama 5000 varsha dinda  idre Krista Shaka 2000 Anta yak aktaidare Hindu galu munche inda idane navu idannu pratipadisabeku I	Positive
wow...  great work..	not-Kannada
Are bhai Yek dum phel diya	not-Kannada
Step Super bossu	Positive
‡≤®‡≤ø‡≤Æ‡≥ç‡≤Æ ‡≤ï‡≤®‡≥ç‡≤®‡≤° ‡≤¨‡≤≥‡≤ï‡≥Ü ‡≤§‡≥Å‡≤Ç‡≤¨‡≤æ ‡≤∏‡≥ä‡≤ó‡≤∏‡≤æ‡≤ó‡≤ø‡≤¶‡≥Ü.. ‡≤à ‡≤∏‡≤ø‡≤®‡≤ø‡≤Æ‡≤æ ‡≤ï‡≥Å‡≤∞‡≤ø‡≤§‡≥Å  ‡≤®‡≥Ä‡≤µ‡≥Å ‡≤π‡≥á‡≤≥‡≤ø‡≤¶ ‡≤Æ‡≤æ‡≤§‡≥Å‡≤ó‡≤≥‡≥Ü‡≤≤‡≥ç‡≤≤‡≤µ‡≥Å ‡≤Ö‡≤ï‡≥ç‡≤∑‡≤∞‡≤∂‡≤É ‡≤®‡≤ø‡≤ú. ‡≤®‡≤ø‡≤∞‡≥ç‡≤¶‡≥á‡≤∂‡≤ï‡≤∞ ‡≤∏‡≥É‡≤ú‡≤®‡≤∂‡≥Ä‡≤≤‡≤§‡≥Ü ‡≤π‡≤æ‡≤ó‡≥Ç ‡≤ï‡≤≤‡≤æ‡≤§‡≥ç‡≤Æ‡≤ï‡≤§‡≥Ü ‡≤é‡≤∞‡≤°‡≥Ç ‡≤§‡≤∞‡≥ç‡≤ï‡≤ï‡≥ç‡≤ï‡≥Ü ‡≤®‡≤ø‡≤≤‡≥Å‡≤ï‡≤¶‡≥ç‡≤¶‡≥Å	Negative
Idu beku ivatthu full happy agidivi bro  osm	Positive
‡≤®‡≤ø‡≤ú‡≤µ‡≤æ‡≤ó‡≥ç‡≤≤‡≥Ç ‡≤§‡≥Å‡≤Ç‡≤¨‡≤æ ‡≤í‡≤≥‡≥ç‡≤≥‡≥Ü ‡≤´‡≤ø‡≤≤‡≥ç‡≤Æ‡≥ç  ‡≤§‡≥Å‡≤Ç‡≤¨‡≤æ ‡≤á‡≤∑‡≥ç‡≤ü ‡≤Ü‡≤Ø‡≤ø‡≤§‡≥Å	Positive
Soori anba song nodi bandavru  like maadi	unknown state
Sir super great	not-Kannada
‡≤™‡≥ç‡≤∞‡≤Ø‡≤§‡≥ç‡≤®‡≤ï‡≥ç‡≤ï‡≥Ü ‡≤¶‡≥ä‡≤°‡≥ç‡≤° ‡≤∏‡≤≤‡≤æ‡≤Ç	Positive
Super song in kannada	Positive
@Raja Vishnuvardhana Tamil of ciurse	unknown state